"Drug","Replicate","AUC","AUC_Control","Normalized_AUC"
"A",1,0.399907844565416,0.4,0.99976961141354
"A",2,0.428936504567943,0.4,1.07234126141986
"A",3,0.411184816156083,0.4,1.02796204039021
"B",1,0.496759131209559,0.4,1.2418978280239
"B",2,0.473398900305085,0.4,1.18349725076271
"B",3,0.447508313309559,0.4,1.1187707832739
