"Drug","Mean_Normalized_AUC","SD_Normalized_AUC"
"A",1.0333576377412,0.0365854540663413
"B",1.18138862068684,0.0615906001579364
