"Status","Median_SpheroidGFP","SD_SpheroidGFP"
"Differentiated",1.54886789042204,0.347385581855265
"Undifferentiated",2.21808181236664,0.24262655035664
