"Status","Median_SpheroidArea","SD_SpheroidArea"
"Undifferentiated",3.72650144759664,0.903502515476399
"Differentiated",2.26746053319607,0.782457371905344
